{"_timestamp":1.731014973631004e+09,"_runtime":13.393033275,"_wandb":{"runtime":13},"_step":0,"train/loss":3.902611017227173,"train/epoch":0,"train/step":0,"train/learning_rate":0}