{"_timestamp":1.7310149739034593e+09,"_wandb":{"runtime":13},"_runtime":13.229457618,"_step":0,"train/loss":2.886630058288574,"train/epoch":0,"train/step":0,"train/learning_rate":0}