{"_step":0,"train/loss":3.2605345249176025,"train/epoch":0,"train/step":0,"train/learning_rate":0,"_wandb":{"runtime":12},"_timestamp":1.7310149737396924e+09,"_runtime":12.988363724}