{"train/learning_rate":0,"_timestamp":1.7310149732835987e+09,"_wandb":{"runtime":12},"_runtime":12.633448914,"_step":0,"train/loss":3.387526035308838,"train/epoch":0,"train/step":0}